{"cameraMode":{"drawMode":0,"name":"Shaded","section":"Shading Mode"},"sceneLighting":false,"audioPlay":false,"sceneViewState":{"showFog":true,"showMaterialUpdate":false,"showSkybox":false,"showFlares":true,"showImageEffects":true,"showParticleSystems":true},"in2DMode":false,"pivot":{"x":0.1416645050048828,"y":1.9308314323425294,"z":0.15093469619750977},"rotation":{"x":0.03589455410838127,"y":0.9634066224098206,"z":-0.16816356778144837,"w":0.20564590394496919},"size":3.5689339637756349,"orthographic":false}